-- MariaDB dump 10.19  Distrib 10.4.32-MariaDB, for Win64 (AMD64)
--
-- Host: localhost    Database: ventas_php
-- ------------------------------------------------------
-- Server version	10.4.32-MariaDB

/*!40101 SET @OLD_CHARACTER_SET_CLIENT=@@CHARACTER_SET_CLIENT */;
/*!40101 SET @OLD_CHARACTER_SET_RESULTS=@@CHARACTER_SET_RESULTS */;
/*!40101 SET @OLD_COLLATION_CONNECTION=@@COLLATION_CONNECTION */;
/*!40101 SET NAMES utf8mb4 */;
/*!40103 SET @OLD_TIME_ZONE=@@TIME_ZONE */;
/*!40103 SET TIME_ZONE='+00:00' */;
/*!40014 SET @OLD_UNIQUE_CHECKS=@@UNIQUE_CHECKS, UNIQUE_CHECKS=0 */;
/*!40014 SET @OLD_FOREIGN_KEY_CHECKS=@@FOREIGN_KEY_CHECKS, FOREIGN_KEY_CHECKS=0 */;
/*!40101 SET @OLD_SQL_MODE=@@SQL_MODE, SQL_MODE='NO_AUTO_VALUE_ON_ZERO' */;
/*!40111 SET @OLD_SQL_NOTES=@@SQL_NOTES, SQL_NOTES=0 */;

--
-- Table structure for table `clientes`
--

DROP TABLE IF EXISTS `clientes`;
/*!40101 SET @saved_cs_client     = @@character_set_client */;
/*!40101 SET character_set_client = utf8 */;
CREATE TABLE `clientes` (
  `id` bigint(20) unsigned NOT NULL AUTO_INCREMENT,
  `nombre` varchar(255) NOT NULL,
  `cedula` varchar(50) NOT NULL,
  `telefono` varchar(25) NOT NULL,
  `direccion` varchar(255) NOT NULL,
  `descuento` decimal(5,2) NOT NULL DEFAULT 0.00,
  PRIMARY KEY (`id`)
) ENGINE=InnoDB AUTO_INCREMENT=31 DEFAULT CHARSET=utf8mb4 COLLATE=utf8mb4_unicode_ci;
/*!40101 SET character_set_client = @saved_cs_client */;

--
-- Dumping data for table `clientes`
--

LOCK TABLES `clientes` WRITE;
/*!40000 ALTER TABLE `clientes` DISABLE KEYS */;
INSERT INTO `clientes` VALUES (1,'Juan Carlos Bolaños','001-150780-2001A','88551001','Residencial Bolonia, Managua',5.00),(2,'María Elena Salazar','001-220985-2002B','87762002','Barrio Martha Quezada, Managua',10.00),(3,'Roberto José Gutiérrez','001-300475-2003C','88883003','Reparto San Juan, Managua',3.00),(4,'Ana Patricia Silva','001-120888-2004D','88994004','Las Colinas, Managua',8.00),(5,'Luis Fernando Mendoza','001-050390-2005E','87655005','Barrio Cuba, Managua',15.00),(6,'Carmen Rosa López','001-180195-2006F','88556006','Residencial Las Praderas, León',7.00),(7,'Francisco Javier Rivas','001-250880-2007G','87767007','Camino de Oriente, Managua',12.00),(8,'Sofía Alejandra Ruiz','001-090993-2008H','88888008','Barrio Monseñor Lezcano, Managua',5.00),(9,'Miguel Ángel Torres','001-170785-2009I','88999009','Residencial Los Robles, Managua',10.00),(10,'Patricia Isabel Vargas','001-220290-2010J','87651010','Planes de Altamira, Managua',20.00),(11,'Diego Andrés Ramírez','001-150495-2011K','88551111','Barrio San Judas, Managua',6.00),(12,'Andrea Carolina Mejía','001-280887-2012L','87761212','Residencial Las Colinas, Managua',9.00),(13,'Ricardo Antonio Sandoval','001-120392-2013M','88881313','Barrio Larreynaga, Managua',4.00),(14,'Gabriela Fernanda Flores','001-050775-2014N','88991414','Camino de Oriente, Managua',11.00),(15,'Fernando José Castro','001-190198-2015O','87651515','Residencial Bolonia, Managua',8.00),(16,'Laura Marcela González','001-240890-2016P','88551616','Barrio Martha Quezada, Managua',13.00),(17,'Carlos Alberto Juárez','001-080195-2017Q','87761717','Reparto San Juan, Managua',7.00),(18,'Karla Susana Martínez','001-130680-2018R','88881818','Las Colinas, Managua',16.00),(19,'Oscar Eduardo Herrera','001-170493-2019S','88991919','Barrio Cuba, Managua',5.00),(20,'Silvia Margarita Salgado','001-300788-2020T','87652020','Residencial Las Praderas, León',10.00),(21,'Alberto Enrique Méndez','001-140991-2021U','88552121','Camino de Oriente, Managua',14.00),(22,'Raúl Antonio Solís','001-050785-2022V','87762222','Barrio Monseñor Lezcano, Managua',6.00),(23,'Natalia de los Ángeles Peña','001-190894-2023W','88882323','Residencial Los Robles, Managua',9.00),(24,'Cristian Daniel Díaz','001-240195-2024X','88992424','Planes de Altamira, Managua',12.00),(25,'Valeria Cristina Romero','001-100392-2025Y','87652525','Barrio San Judas, Managua',8.00),(26,'Esteban Rafael Guzmán','001-170785-2026Z','88552626','Residencial Las Colinas, Managua',15.00),(27,'Jimena Isabel Castro','001-220993-2027AA','87762727','Barrio Larreynaga, Managua',7.00),(28,'Jorge Luis López','001-120490-2028AB','88882828','Camino de Oriente, Managua',11.00),(29,'Diana Carolina Mejía','001-270191-2029AC','88992929','Residencial Bolonia, Managua',6.00),(30,'Mario Ernesto Rojas','001-200685-2030AD','87653030','Barrio Martha Quezada, Managua',10.00);
/*!40000 ALTER TABLE `clientes` ENABLE KEYS */;
UNLOCK TABLES;

--
-- Table structure for table `devoluciones`
--

DROP TABLE IF EXISTS `devoluciones`;
/*!40101 SET @saved_cs_client     = @@character_set_client */;
/*!40101 SET character_set_client = utf8 */;
CREATE TABLE `devoluciones` (
  `id` bigint(20) unsigned NOT NULL AUTO_INCREMENT,
  `idVenta` bigint(20) unsigned NOT NULL,
  `numeroFactura` varchar(20) NOT NULL,
  `idProducto` bigint(20) unsigned NOT NULL,
  `cantidad_vendida` int(11) NOT NULL,
  `cantidad_devuelta` int(11) NOT NULL,
  `cantidad_devuelta_previa` int(11) NOT NULL DEFAULT 0,
  `motivo` varchar(255) DEFAULT NULL,
  `fecha_devolucion` datetime DEFAULT current_timestamp(),
  PRIMARY KEY (`id`),
  KEY `idVenta` (`idVenta`),
  KEY `idProducto` (`idProducto`),
  KEY `numeroFactura` (`numeroFactura`),
  CONSTRAINT `devoluciones_ibfk_1` FOREIGN KEY (`idProducto`) REFERENCES `productos` (`id`) ON UPDATE CASCADE,
  CONSTRAINT `devoluciones_ibfk_2` FOREIGN KEY (`idVenta`) REFERENCES `ventas` (`id`) ON DELETE CASCADE ON UPDATE CASCADE
) ENGINE=InnoDB DEFAULT CHARSET=utf8mb4 COLLATE=utf8mb4_unicode_ci;
/*!40101 SET character_set_client = @saved_cs_client */;

--
-- Dumping data for table `devoluciones`
--

LOCK TABLES `devoluciones` WRITE;
/*!40000 ALTER TABLE `devoluciones` DISABLE KEYS */;
/*!40000 ALTER TABLE `devoluciones` ENABLE KEYS */;
UNLOCK TABLES;

--
-- Table structure for table `empresa`
--

DROP TABLE IF EXISTS `empresa`;
/*!40101 SET @saved_cs_client     = @@character_set_client */;
/*!40101 SET character_set_client = utf8 */;
CREATE TABLE `empresa` (
  `id` int(11) NOT NULL AUTO_INCREMENT,
  `nombre` varchar(255) NOT NULL,
  `direccion` varchar(255) NOT NULL,
  `correo` varchar(255) NOT NULL,
  `telefono` varchar(50) NOT NULL,
  `fax` varchar(50) NOT NULL,
  `codigo_interno` varchar(100) DEFAULT NULL,
  `identidad_juridica` varchar(100) DEFAULT NULL,
  `foto_perfil` varchar(255) DEFAULT NULL,
  `fecha_registro` timestamp NOT NULL DEFAULT current_timestamp(),
  PRIMARY KEY (`id`),
  UNIQUE KEY `codigo_interno` (`codigo_interno`)
) ENGINE=InnoDB AUTO_INCREMENT=2 DEFAULT CHARSET=utf8mb4 COLLATE=utf8mb4_unicode_ci;
/*!40101 SET character_set_client = @saved_cs_client */;

--
-- Dumping data for table `empresa`
--

LOCK TABLES `empresa` WRITE;
/*!40000 ALTER TABLE `empresa` DISABLE KEYS */;
INSERT INTO `empresa` VALUES (1,'UNIVERSIDAD','Universidad Nacional Comandante Padre Gaspar Garcia Laviana','maaroncarrasco@gmail.com','88090180','3232','EMP_68d4dcef4f446','32432','images/logo_empresa/UNIVERSIDAD_68d4dd13678f5.png','2025-09-25 12:10:55');
/*!40000 ALTER TABLE `empresa` ENABLE KEYS */;
UNLOCK TABLES;

--
-- Table structure for table `moneda`
--

DROP TABLE IF EXISTS `moneda`;
/*!40101 SET @saved_cs_client     = @@character_set_client */;
/*!40101 SET character_set_client = utf8 */;
CREATE TABLE `moneda` (
  `id` int(11) NOT NULL AUTO_INCREMENT,
  `nombre` varchar(100) NOT NULL,
  `simbolo` varchar(10) NOT NULL,
  `tipo` enum('nacional','extranjera') NOT NULL,
  `pais` varchar(100) DEFAULT NULL,
  `estado` enum('activo','inactivo') NOT NULL DEFAULT 'activo',
  `valor` decimal(10,2) DEFAULT NULL,
  `fecha_creacion` timestamp NOT NULL DEFAULT current_timestamp(),
  PRIMARY KEY (`id`)
) ENGINE=InnoDB AUTO_INCREMENT=31 DEFAULT CHARSET=utf8mb4 COLLATE=utf8mb4_unicode_ci;
/*!40101 SET character_set_client = @saved_cs_client */;

--
-- Dumping data for table `moneda`
--

LOCK TABLES `moneda` WRITE;
/*!40000 ALTER TABLE `moneda` DISABLE KEYS */;
INSERT INTO `moneda` VALUES (1,'Córdoba Oro','NIO','nacional','Nicaragua','activo',1.00,'2025-12-05 02:17:55'),(2,'Dólar Estadounidense','USD','extranjera','Estados Unidos','activo',36.50,'2025-12-05 02:17:55'),(3,'Euro','EUR','extranjera','Unión Europea','activo',39.25,'2025-12-05 02:17:55'),(4,'Peso Mexicano','MXN','extranjera','México','activo',2.15,'2025-12-05 02:17:55'),(5,'Colón Costarricense','CRC','extranjera','Costa Rica','activo',0.06,'2025-12-05 02:17:55'),(6,'Quetzal Guatemalteco','GTQ','extranjera','Guatemala','activo',4.70,'2025-12-05 02:17:55'),(7,'Lempira Hondureña','HNL','extranjera','Honduras','activo',1.48,'2025-12-05 02:17:55'),(8,'Colón Salvadoreño','SVC','extranjera','El Salvador','activo',0.42,'2025-12-05 02:17:55'),(9,'Balboa Panameño','PAB','extranjera','Panamá','activo',1.00,'2025-12-05 02:17:55'),(10,'Dólar Canadiense','CAD','extranjera','Canadá','activo',26.80,'2025-12-05 02:17:55'),(11,'Libra Esterlina','GBP','extranjera','Reino Unido','activo',46.20,'2025-12-05 02:17:55'),(12,'Yen Japonés','JPY','extranjera','Japón','activo',0.24,'2025-12-05 02:17:55'),(13,'Franco Suizo','CHF','extranjera','Suiza','activo',40.80,'2025-12-05 02:17:55'),(14,'Dólar Australiano','AUD','extranjera','Australia','activo',24.10,'2025-12-05 02:17:55'),(15,'Dólar Neozelandés','NZD','extranjera','Nueva Zelanda','activo',22.30,'2025-12-05 02:17:55'),(16,'Peso Chileno','CLP','extranjera','Chile','activo',0.04,'2025-12-05 02:17:55'),(17,'Peso Colombiano','COP','extranjera','Colombia','activo',0.01,'2025-12-05 02:17:55'),(18,'Sol Peruano','PEN','extranjera','Perú','activo',9.80,'2025-12-05 02:17:55'),(19,'Real Brasileño','BRL','extranjera','Brasil','activo',7.20,'2025-12-05 02:17:55'),(20,'Peso Argentino','ARS','extranjera','Argentina','activo',0.11,'2025-12-05 02:17:55'),(21,'Boliviano','BOB','extranjera','Bolivia','activo',5.30,'2025-12-05 02:17:55'),(22,'Guaraní Paraguayo','PYG','extranjera','Paraguay','activo',0.01,'2025-12-05 02:17:55'),(23,'Peso Uruguayo','UYU','extranjera','Uruguay','activo',0.95,'2025-12-05 02:17:55'),(24,'Bolívar Venezolano','VES','extranjera','Venezuela','activo',0.00,'2025-12-05 02:17:55'),(25,'Dólar del Caribe Oriental','XCD','extranjera','Caribe Oriental','activo',13.50,'2025-12-05 02:17:55'),(26,'Dólar Bermudeño','BMD','extranjera','Bermudas','activo',1.00,'2025-12-05 02:17:55'),(27,'Dólar de las Bahamas','BSD','extranjera','Bahamas','activo',1.00,'2025-12-05 02:17:55'),(28,'Peso Dominicano','DOP','extranjera','República Dominicana','activo',0.65,'2025-12-05 02:17:55'),(29,'Gourde Haitiano','HTG','extranjera','Haití','activo',0.27,'2025-12-05 02:17:55'),(30,'Dólar Jamaiquino','JMD','extranjera','Jamaica','activo',0.24,'2025-12-05 02:17:55');
/*!40000 ALTER TABLE `moneda` ENABLE KEYS */;
UNLOCK TABLES;

--
-- Table structure for table `paginas_projectos`
--

DROP TABLE IF EXISTS `paginas_projectos`;
/*!40101 SET @saved_cs_client     = @@character_set_client */;
/*!40101 SET character_set_client = utf8 */;
CREATE TABLE `paginas_projectos` (
  `id` int(11) NOT NULL AUTO_INCREMENT,
  `modulo` varchar(100) NOT NULL,
  `pagina` varchar(255) NOT NULL,
  `acceso` enum('permitido','denegado') NOT NULL DEFAULT 'permitido',
  `fecha` timestamp NOT NULL DEFAULT current_timestamp(),
  PRIMARY KEY (`id`)
) ENGINE=InnoDB AUTO_INCREMENT=40 DEFAULT CHARSET=utf8mb4 COLLATE=utf8mb4_unicode_ci;
/*!40101 SET character_set_client = @saved_cs_client */;

--
-- Dumping data for table `paginas_projectos`
--

LOCK TABLES `paginas_projectos` WRITE;
/*!40000 ALTER TABLE `paginas_projectos` DISABLE KEYS */;
INSERT INTO `paginas_projectos` VALUES (1,'accesos','Accesos.php','permitido','2025-12-05 02:17:54'),(2,'clientes','AgregarClientes.php','permitido','2025-12-05 02:17:54'),(3,'productos','AgregarProductos.php','permitido','2025-12-05 02:17:54'),(4,'usuarios','AgregarUsuario.php','permitido','2025-12-05 02:17:54'),(5,'moneda','AjusteMoneda.php','permitido','2025-12-05 02:17:54'),(6,'impuestos','AjustesImpuestos.php','permitido','2025-12-05 02:17:54'),(7,'tipo_pago','AjustesTipoPago.php','permitido','2025-12-05 02:17:54'),(8,'unidad_peso','AjusteUnidad.php','permitido','2025-12-05 02:17:54'),(9,'backup','backup.php','permitido','2025-12-05 02:17:54'),(10,'sesion','cerrar_sesion.php','permitido','2025-12-05 02:17:54'),(11,'empresa','ConfigurarEmpresas.php','permitido','2025-12-05 02:17:54'),(12,'reportes','descargar_pdf.php','permitido','2025-12-05 02:17:54'),(13,'ventas','Devolucion.php','permitido','2025-12-05 02:17:54'),(14,'clientes','EditarCliente.php','permitido','2025-12-05 02:17:54'),(15,'productos','EditarProducto.php','permitido','2025-12-05 02:17:54'),(16,'usuarios','EditarUsuario.php','permitido','2025-12-05 02:17:54'),(17,'ventas','factura.php','permitido','2025-12-05 02:17:54'),(18,'tools','hash.php','permitido','2025-12-05 02:17:54'),(19,'dashboard','index.php','permitido','2025-12-05 02:17:54'),(20,'dashboard','index_copy.php','permitido','2025-12-05 02:17:54'),(21,'auth','login.php','permitido','2025-12-05 02:17:54'),(22,'auth','logout.php','permitido','2025-12-05 02:17:54'),(23,'perfil','MyProfile.php','permitido','2025-12-05 02:17:54'),(24,'graficos','obtener_datos_graficos.php','permitido','2025-12-05 02:17:54'),(25,'auth','page-login.php','permitido','2025-12-05 02:17:54'),(26,'proveedores','Proveedor.php','permitido','2025-12-05 02:17:54'),(27,'test','prueba.php','permitido','2025-12-05 02:17:54'),(28,'tablas','tables-data.php','permitido','2025-12-05 02:17:54'),(29,'ventas','Ventas.php','permitido','2025-12-05 02:17:54'),(30,'ventas','ventas_select.php','permitido','2025-12-05 02:17:54'),(31,'clientes','VerClientes.php','permitido','2025-12-05 02:17:54'),(32,'ventas','VerDevolucion.php','permitido','2025-12-05 02:17:54'),(33,'productos','VerFechaVencimiento.php','permitido','2025-12-05 02:17:54'),(34,'productos','VerProductos.php','permitido','2025-12-05 02:17:54'),(35,'reportes','VerReportes.php','permitido','2025-12-05 02:17:54'),(36,'usuarios','VerUsuario.php','permitido','2025-12-05 02:17:54'),(37,'ventas','ver_detalle_factura.php','permitido','2025-12-05 02:17:54'),(38,'ventas','ver_facturas.php','permitido','2025-12-05 02:17:54'),(39,'accesos','url.php','permitido','2025-12-05 02:17:54');
/*!40000 ALTER TABLE `paginas_projectos` ENABLE KEYS */;
UNLOCK TABLES;

--
-- Table structure for table `permisos_usuario`
--

DROP TABLE IF EXISTS `permisos_usuario`;
/*!40101 SET @saved_cs_client     = @@character_set_client */;
/*!40101 SET character_set_client = utf8 */;
CREATE TABLE `permisos_usuario` (
  `id` int(11) NOT NULL AUTO_INCREMENT,
  `id_usuario` bigint(20) unsigned NOT NULL,
  `id_permiso` int(11) NOT NULL,
  `fecha` timestamp NOT NULL DEFAULT current_timestamp(),
  PRIMARY KEY (`id`),
  KEY `id_usuario` (`id_usuario`),
  KEY `id_permiso` (`id_permiso`),
  CONSTRAINT `permisos_usuario_ibfk_1` FOREIGN KEY (`id_usuario`) REFERENCES `usuarios` (`id`) ON DELETE CASCADE ON UPDATE CASCADE,
  CONSTRAINT `permisos_usuario_ibfk_2` FOREIGN KEY (`id_permiso`) REFERENCES `paginas_projectos` (`id`) ON DELETE CASCADE ON UPDATE CASCADE
) ENGINE=InnoDB AUTO_INCREMENT=1101 DEFAULT CHARSET=utf8mb4 COLLATE=utf8mb4_unicode_ci;
/*!40101 SET character_set_client = @saved_cs_client */;

--
-- Dumping data for table `permisos_usuario`
--

LOCK TABLES `permisos_usuario` WRITE;
/*!40000 ALTER TABLE `permisos_usuario` DISABLE KEYS */;
INSERT INTO `permisos_usuario` VALUES (1,1,1,'2025-12-05 02:17:54'),(2,1,2,'2025-12-05 02:17:54'),(3,1,3,'2025-12-05 02:17:54'),(4,1,4,'2025-12-05 02:17:54'),(5,1,5,'2025-12-05 02:17:54'),(6,1,6,'2025-12-05 02:17:54'),(7,1,7,'2025-12-05 02:17:54'),(8,1,8,'2025-12-05 02:17:54'),(9,1,9,'2025-12-05 02:17:54'),(10,1,10,'2025-12-05 02:17:54'),(11,1,11,'2025-12-05 02:17:54'),(12,1,12,'2025-12-05 02:17:54'),(13,1,13,'2025-12-05 02:17:54'),(14,1,14,'2025-12-05 02:17:54'),(15,1,15,'2025-12-05 02:17:54'),(16,1,16,'2025-12-05 02:17:54'),(17,1,17,'2025-12-05 02:17:54'),(18,1,18,'2025-12-05 02:17:54'),(19,1,19,'2025-12-05 02:17:54'),(20,1,20,'2025-12-05 02:17:54'),(21,1,21,'2025-12-05 02:17:54'),(22,1,22,'2025-12-05 02:17:54'),(23,1,23,'2025-12-05 02:17:54'),(24,1,24,'2025-12-05 02:17:54'),(25,1,25,'2025-12-05 02:17:54'),(26,1,26,'2025-12-05 02:17:54'),(27,1,27,'2025-12-05 02:17:54'),(28,1,28,'2025-12-05 02:17:54'),(29,1,29,'2025-12-05 02:17:54'),(30,1,30,'2025-12-05 02:17:54'),(31,1,31,'2025-12-05 02:17:54'),(32,1,32,'2025-12-05 02:17:54'),(33,1,33,'2025-12-05 02:17:54'),(34,1,34,'2025-12-05 02:17:54'),(35,1,35,'2025-12-05 02:17:54'),(36,1,36,'2025-12-05 02:17:54'),(37,1,37,'2025-12-05 02:17:54'),(38,1,38,'2025-12-05 02:17:54'),(39,1,39,'2025-12-05 02:17:54'),(64,2,23,'2025-12-05 02:17:54'),(65,2,29,'2025-12-05 02:17:54'),(66,2,30,'2025-12-05 02:17:54'),(67,2,31,'2025-12-05 02:17:54'),(68,2,32,'2025-12-05 02:17:54'),(69,2,33,'2025-12-05 02:17:54'),(70,2,34,'2025-12-05 02:17:54'),(71,2,35,'2025-12-05 02:17:54'),(72,2,36,'2025-12-05 02:17:54'),(73,2,37,'2025-12-05 02:17:54'),(74,2,38,'2025-12-05 02:17:54'),(75,2,39,'2025-12-05 02:17:54'),(79,1,1,'2025-12-05 02:17:57'),(80,3,1,'2025-12-05 02:17:57'),(81,6,1,'2025-12-05 02:17:57'),(82,9,1,'2025-12-05 02:17:57'),(83,12,1,'2025-12-05 02:17:57'),(84,16,1,'2025-12-05 02:17:57'),(85,20,1,'2025-12-05 02:17:57'),(86,24,1,'2025-12-05 02:17:57'),(87,28,1,'2025-12-05 02:17:57'),(88,32,1,'2025-12-05 02:17:57'),(89,1,2,'2025-12-05 02:17:57'),(90,3,2,'2025-12-05 02:17:57'),(91,6,2,'2025-12-05 02:17:57'),(92,9,2,'2025-12-05 02:17:57'),(93,12,2,'2025-12-05 02:17:57'),(94,16,2,'2025-12-05 02:17:57'),(95,20,2,'2025-12-05 02:17:57'),(96,24,2,'2025-12-05 02:17:57'),(97,28,2,'2025-12-05 02:17:57'),(98,32,2,'2025-12-05 02:17:57'),(99,1,3,'2025-12-05 02:17:57'),(100,3,3,'2025-12-05 02:17:57'),(101,6,3,'2025-12-05 02:17:57'),(102,9,3,'2025-12-05 02:17:57'),(103,12,3,'2025-12-05 02:17:57'),(104,16,3,'2025-12-05 02:17:57'),(105,20,3,'2025-12-05 02:17:57'),(106,24,3,'2025-12-05 02:17:57'),(107,28,3,'2025-12-05 02:17:57'),(108,32,3,'2025-12-05 02:17:57'),(109,1,4,'2025-12-05 02:17:57'),(110,3,4,'2025-12-05 02:17:57'),(111,6,4,'2025-12-05 02:17:57'),(112,9,4,'2025-12-05 02:17:57'),(113,12,4,'2025-12-05 02:17:57'),(114,16,4,'2025-12-05 02:17:57'),(115,20,4,'2025-12-05 02:17:57'),(116,24,4,'2025-12-05 02:17:57'),(117,28,4,'2025-12-05 02:17:57'),(118,32,4,'2025-12-05 02:17:57'),(119,1,5,'2025-12-05 02:17:57'),(120,3,5,'2025-12-05 02:17:57'),(121,6,5,'2025-12-05 02:17:57'),(122,9,5,'2025-12-05 02:17:57'),(123,12,5,'2025-12-05 02:17:57'),(124,16,5,'2025-12-05 02:17:57'),(125,20,5,'2025-12-05 02:17:57'),(126,24,5,'2025-12-05 02:17:57'),(127,28,5,'2025-12-05 02:17:57'),(128,32,5,'2025-12-05 02:17:57'),(129,1,6,'2025-12-05 02:17:57'),(130,3,6,'2025-12-05 02:17:57'),(131,6,6,'2025-12-05 02:17:57'),(132,9,6,'2025-12-05 02:17:57'),(133,12,6,'2025-12-05 02:17:57'),(134,16,6,'2025-12-05 02:17:57'),(135,20,6,'2025-12-05 02:17:57'),(136,24,6,'2025-12-05 02:17:57'),(137,28,6,'2025-12-05 02:17:57'),(138,32,6,'2025-12-05 02:17:57'),(139,1,7,'2025-12-05 02:17:57'),(140,3,7,'2025-12-05 02:17:57'),(141,6,7,'2025-12-05 02:17:57'),(142,9,7,'2025-12-05 02:17:57'),(143,12,7,'2025-12-05 02:17:57'),(144,16,7,'2025-12-05 02:17:57'),(145,20,7,'2025-12-05 02:17:57'),(146,24,7,'2025-12-05 02:17:57'),(147,28,7,'2025-12-05 02:17:57'),(148,32,7,'2025-12-05 02:17:57'),(149,1,8,'2025-12-05 02:17:57'),(150,3,8,'2025-12-05 02:17:57'),(151,6,8,'2025-12-05 02:17:57'),(152,9,8,'2025-12-05 02:17:57'),(153,12,8,'2025-12-05 02:17:57'),(154,16,8,'2025-12-05 02:17:57'),(155,20,8,'2025-12-05 02:17:57'),(156,24,8,'2025-12-05 02:17:57'),(157,28,8,'2025-12-05 02:17:57'),(158,32,8,'2025-12-05 02:17:57'),(159,1,9,'2025-12-05 02:17:57'),(160,3,9,'2025-12-05 02:17:57'),(161,6,9,'2025-12-05 02:17:57'),(162,9,9,'2025-12-05 02:17:57'),(163,12,9,'2025-12-05 02:17:57'),(164,16,9,'2025-12-05 02:17:57'),(165,20,9,'2025-12-05 02:17:57'),(166,24,9,'2025-12-05 02:17:57'),(167,28,9,'2025-12-05 02:17:57'),(168,32,9,'2025-12-05 02:17:57'),(169,1,10,'2025-12-05 02:17:57'),(170,3,10,'2025-12-05 02:17:57'),(171,6,10,'2025-12-05 02:17:57'),(172,9,10,'2025-12-05 02:17:57'),(173,12,10,'2025-12-05 02:17:57'),(174,16,10,'2025-12-05 02:17:57'),(175,20,10,'2025-12-05 02:17:57'),(176,24,10,'2025-12-05 02:17:57'),(177,28,10,'2025-12-05 02:17:57'),(178,32,10,'2025-12-05 02:17:57'),(179,1,11,'2025-12-05 02:17:57'),(180,3,11,'2025-12-05 02:17:57'),(181,6,11,'2025-12-05 02:17:57'),(182,9,11,'2025-12-05 02:17:57'),(183,12,11,'2025-12-05 02:17:57'),(184,16,11,'2025-12-05 02:17:57'),(185,20,11,'2025-12-05 02:17:57'),(186,24,11,'2025-12-05 02:17:57'),(187,28,11,'2025-12-05 02:17:57'),(188,32,11,'2025-12-05 02:17:57'),(189,1,12,'2025-12-05 02:17:57'),(190,3,12,'2025-12-05 02:17:57'),(191,6,12,'2025-12-05 02:17:57'),(192,9,12,'2025-12-05 02:17:57'),(193,12,12,'2025-12-05 02:17:57'),(194,16,12,'2025-12-05 02:17:57'),(195,20,12,'2025-12-05 02:17:57'),(196,24,12,'2025-12-05 02:17:57'),(197,28,12,'2025-12-05 02:17:57'),(198,32,12,'2025-12-05 02:17:57'),(199,1,13,'2025-12-05 02:17:57'),(200,3,13,'2025-12-05 02:17:57'),(201,6,13,'2025-12-05 02:17:57'),(202,9,13,'2025-12-05 02:17:57'),(203,12,13,'2025-12-05 02:17:57'),(204,16,13,'2025-12-05 02:17:57'),(205,20,13,'2025-12-05 02:17:57'),(206,24,13,'2025-12-05 02:17:57'),(207,28,13,'2025-12-05 02:17:57'),(208,32,13,'2025-12-05 02:17:57'),(209,1,14,'2025-12-05 02:17:57'),(210,3,14,'2025-12-05 02:17:57'),(211,6,14,'2025-12-05 02:17:57'),(212,9,14,'2025-12-05 02:17:57'),(213,12,14,'2025-12-05 02:17:57'),(214,16,14,'2025-12-05 02:17:57'),(215,20,14,'2025-12-05 02:17:57'),(216,24,14,'2025-12-05 02:17:57'),(217,28,14,'2025-12-05 02:17:57'),(218,32,14,'2025-12-05 02:17:57'),(219,1,15,'2025-12-05 02:17:57'),(220,3,15,'2025-12-05 02:17:57'),(221,6,15,'2025-12-05 02:17:57'),(222,9,15,'2025-12-05 02:17:57'),(223,12,15,'2025-12-05 02:17:57'),(224,16,15,'2025-12-05 02:17:57'),(225,20,15,'2025-12-05 02:17:57'),(226,24,15,'2025-12-05 02:17:57'),(227,28,15,'2025-12-05 02:17:57'),(228,32,15,'2025-12-05 02:17:57'),(229,1,16,'2025-12-05 02:17:57'),(230,3,16,'2025-12-05 02:17:57'),(231,6,16,'2025-12-05 02:17:57'),(232,9,16,'2025-12-05 02:17:57'),(233,12,16,'2025-12-05 02:17:57'),(234,16,16,'2025-12-05 02:17:57'),(235,20,16,'2025-12-05 02:17:57'),(236,24,16,'2025-12-05 02:17:57'),(237,28,16,'2025-12-05 02:17:57'),(238,32,16,'2025-12-05 02:17:57'),(239,1,17,'2025-12-05 02:17:57'),(240,3,17,'2025-12-05 02:17:57'),(241,6,17,'2025-12-05 02:17:57'),(242,9,17,'2025-12-05 02:17:57'),(243,12,17,'2025-12-05 02:17:57'),(244,16,17,'2025-12-05 02:17:57'),(245,20,17,'2025-12-05 02:17:57'),(246,24,17,'2025-12-05 02:17:57'),(247,28,17,'2025-12-05 02:17:57'),(248,32,17,'2025-12-05 02:17:57'),(249,1,18,'2025-12-05 02:17:57'),(250,3,18,'2025-12-05 02:17:57'),(251,6,18,'2025-12-05 02:17:57'),(252,9,18,'2025-12-05 02:17:57'),(253,12,18,'2025-12-05 02:17:57'),(254,16,18,'2025-12-05 02:17:57'),(255,20,18,'2025-12-05 02:17:57'),(256,24,18,'2025-12-05 02:17:57'),(257,28,18,'2025-12-05 02:17:57'),(258,32,18,'2025-12-05 02:17:57'),(259,1,19,'2025-12-05 02:17:57'),(260,3,19,'2025-12-05 02:17:57'),(261,6,19,'2025-12-05 02:17:57'),(262,9,19,'2025-12-05 02:17:57'),(263,12,19,'2025-12-05 02:17:57'),(264,16,19,'2025-12-05 02:17:57'),(265,20,19,'2025-12-05 02:17:57'),(266,24,19,'2025-12-05 02:17:57'),(267,28,19,'2025-12-05 02:17:57'),(268,32,19,'2025-12-05 02:17:57'),(269,1,20,'2025-12-05 02:17:57'),(270,3,20,'2025-12-05 02:17:57'),(271,6,20,'2025-12-05 02:17:57'),(272,9,20,'2025-12-05 02:17:57'),(273,12,20,'2025-12-05 02:17:57'),(274,16,20,'2025-12-05 02:17:57'),(275,20,20,'2025-12-05 02:17:57'),(276,24,20,'2025-12-05 02:17:57'),(277,28,20,'2025-12-05 02:17:57'),(278,32,20,'2025-12-05 02:17:57'),(279,1,21,'2025-12-05 02:17:57'),(280,3,21,'2025-12-05 02:17:57'),(281,6,21,'2025-12-05 02:17:57'),(282,9,21,'2025-12-05 02:17:57'),(283,12,21,'2025-12-05 02:17:57'),(284,16,21,'2025-12-05 02:17:57'),(285,20,21,'2025-12-05 02:17:57'),(286,24,21,'2025-12-05 02:17:57'),(287,28,21,'2025-12-05 02:17:57'),(288,32,21,'2025-12-05 02:17:57'),(289,1,22,'2025-12-05 02:17:57'),(290,3,22,'2025-12-05 02:17:57'),(291,6,22,'2025-12-05 02:17:57'),(292,9,22,'2025-12-05 02:17:57'),(293,12,22,'2025-12-05 02:17:57'),(294,16,22,'2025-12-05 02:17:57'),(295,20,22,'2025-12-05 02:17:57'),(296,24,22,'2025-12-05 02:17:57'),(297,28,22,'2025-12-05 02:17:57'),(298,32,22,'2025-12-05 02:17:57'),(299,1,23,'2025-12-05 02:17:57'),(300,3,23,'2025-12-05 02:17:57'),(301,6,23,'2025-12-05 02:17:57'),(302,9,23,'2025-12-05 02:17:57'),(303,12,23,'2025-12-05 02:17:57'),(304,16,23,'2025-12-05 02:17:57'),(305,20,23,'2025-12-05 02:17:57'),(306,24,23,'2025-12-05 02:17:57'),(307,28,23,'2025-12-05 02:17:57'),(308,32,23,'2025-12-05 02:17:57'),(309,1,24,'2025-12-05 02:17:57'),(310,3,24,'2025-12-05 02:17:57'),(311,6,24,'2025-12-05 02:17:57'),(312,9,24,'2025-12-05 02:17:57'),(313,12,24,'2025-12-05 02:17:57'),(314,16,24,'2025-12-05 02:17:57'),(315,20,24,'2025-12-05 02:17:57'),(316,24,24,'2025-12-05 02:17:57'),(317,28,24,'2025-12-05 02:17:57'),(318,32,24,'2025-12-05 02:17:57'),(319,1,25,'2025-12-05 02:17:57'),(320,3,25,'2025-12-05 02:17:57'),(321,6,25,'2025-12-05 02:17:57'),(322,9,25,'2025-12-05 02:17:57'),(323,12,25,'2025-12-05 02:17:57'),(324,16,25,'2025-12-05 02:17:57'),(325,20,25,'2025-12-05 02:17:57'),(326,24,25,'2025-12-05 02:17:57'),(327,28,25,'2025-12-05 02:17:57'),(328,32,25,'2025-12-05 02:17:57'),(329,1,26,'2025-12-05 02:17:57'),(330,3,26,'2025-12-05 02:17:57'),(331,6,26,'2025-12-05 02:17:57'),(332,9,26,'2025-12-05 02:17:57'),(333,12,26,'2025-12-05 02:17:57'),(334,16,26,'2025-12-05 02:17:57'),(335,20,26,'2025-12-05 02:17:57'),(336,24,26,'2025-12-05 02:17:57'),(337,28,26,'2025-12-05 02:17:57'),(338,32,26,'2025-12-05 02:17:57'),(339,1,27,'2025-12-05 02:17:57'),(340,3,27,'2025-12-05 02:17:57'),(341,6,27,'2025-12-05 02:17:57'),(342,9,27,'2025-12-05 02:17:57'),(343,12,27,'2025-12-05 02:17:57'),(344,16,27,'2025-12-05 02:17:57'),(345,20,27,'2025-12-05 02:17:57'),(346,24,27,'2025-12-05 02:17:57'),(347,28,27,'2025-12-05 02:17:57'),(348,32,27,'2025-12-05 02:17:57'),(349,1,28,'2025-12-05 02:17:57'),(350,3,28,'2025-12-05 02:17:57'),(351,6,28,'2025-12-05 02:17:57'),(352,9,28,'2025-12-05 02:17:57'),(353,12,28,'2025-12-05 02:17:57'),(354,16,28,'2025-12-05 02:17:57'),(355,20,28,'2025-12-05 02:17:57'),(356,24,28,'2025-12-05 02:17:57'),(357,28,28,'2025-12-05 02:17:57'),(358,32,28,'2025-12-05 02:17:57'),(359,1,29,'2025-12-05 02:17:57'),(360,3,29,'2025-12-05 02:17:57'),(361,6,29,'2025-12-05 02:17:57'),(362,9,29,'2025-12-05 02:17:57'),(363,12,29,'2025-12-05 02:17:57'),(364,16,29,'2025-12-05 02:17:57'),(365,20,29,'2025-12-05 02:17:57'),(366,24,29,'2025-12-05 02:17:57'),(367,28,29,'2025-12-05 02:17:57'),(368,32,29,'2025-12-05 02:17:57'),(369,1,30,'2025-12-05 02:17:57'),(370,3,30,'2025-12-05 02:17:57'),(371,6,30,'2025-12-05 02:17:57'),(372,9,30,'2025-12-05 02:17:57'),(373,12,30,'2025-12-05 02:17:57'),(374,16,30,'2025-12-05 02:17:57'),(375,20,30,'2025-12-05 02:17:57'),(376,24,30,'2025-12-05 02:17:57'),(377,28,30,'2025-12-05 02:17:57'),(378,32,30,'2025-12-05 02:17:57'),(379,1,31,'2025-12-05 02:17:57'),(380,3,31,'2025-12-05 02:17:57'),(381,6,31,'2025-12-05 02:17:57'),(382,9,31,'2025-12-05 02:17:57'),(383,12,31,'2025-12-05 02:17:57'),(384,16,31,'2025-12-05 02:17:57'),(385,20,31,'2025-12-05 02:17:57'),(386,24,31,'2025-12-05 02:17:57'),(387,28,31,'2025-12-05 02:17:57'),(388,32,31,'2025-12-05 02:17:57'),(389,1,32,'2025-12-05 02:17:57'),(390,3,32,'2025-12-05 02:17:57'),(391,6,32,'2025-12-05 02:17:57'),(392,9,32,'2025-12-05 02:17:57'),(393,12,32,'2025-12-05 02:17:57'),(394,16,32,'2025-12-05 02:17:57'),(395,20,32,'2025-12-05 02:17:57'),(396,24,32,'2025-12-05 02:17:57'),(397,28,32,'2025-12-05 02:17:57'),(398,32,32,'2025-12-05 02:17:57'),(399,1,33,'2025-12-05 02:17:57'),(400,3,33,'2025-12-05 02:17:57'),(401,6,33,'2025-12-05 02:17:57'),(402,9,33,'2025-12-05 02:17:57'),(403,12,33,'2025-12-05 02:17:57'),(404,16,33,'2025-12-05 02:17:57'),(405,20,33,'2025-12-05 02:17:57'),(406,24,33,'2025-12-05 02:17:57'),(407,28,33,'2025-12-05 02:17:57'),(408,32,33,'2025-12-05 02:17:57'),(409,1,34,'2025-12-05 02:17:57'),(410,3,34,'2025-12-05 02:17:57'),(411,6,34,'2025-12-05 02:17:57'),(412,9,34,'2025-12-05 02:17:57'),(413,12,34,'2025-12-05 02:17:57'),(414,16,34,'2025-12-05 02:17:57'),(415,20,34,'2025-12-05 02:17:57'),(416,24,34,'2025-12-05 02:17:57'),(417,28,34,'2025-12-05 02:17:57'),(418,32,34,'2025-12-05 02:17:57'),(419,1,35,'2025-12-05 02:17:57'),(420,3,35,'2025-12-05 02:17:57'),(421,6,35,'2025-12-05 02:17:57'),(422,9,35,'2025-12-05 02:17:57'),(423,12,35,'2025-12-05 02:17:57'),(424,16,35,'2025-12-05 02:17:57'),(425,20,35,'2025-12-05 02:17:57'),(426,24,35,'2025-12-05 02:17:57'),(427,28,35,'2025-12-05 02:17:57'),(428,32,35,'2025-12-05 02:17:57'),(429,1,36,'2025-12-05 02:17:57'),(430,3,36,'2025-12-05 02:17:57'),(431,6,36,'2025-12-05 02:17:57'),(432,9,36,'2025-12-05 02:17:57'),(433,12,36,'2025-12-05 02:17:57'),(434,16,36,'2025-12-05 02:17:57'),(435,20,36,'2025-12-05 02:17:57'),(436,24,36,'2025-12-05 02:17:57'),(437,28,36,'2025-12-05 02:17:57'),(438,32,36,'2025-12-05 02:17:57'),(439,1,37,'2025-12-05 02:17:57'),(440,3,37,'2025-12-05 02:17:57'),(441,6,37,'2025-12-05 02:17:57'),(442,9,37,'2025-12-05 02:17:57'),(443,12,37,'2025-12-05 02:17:57'),(444,16,37,'2025-12-05 02:17:57'),(445,20,37,'2025-12-05 02:17:57'),(446,24,37,'2025-12-05 02:17:57'),(447,28,37,'2025-12-05 02:17:57'),(448,32,37,'2025-12-05 02:17:57'),(449,1,38,'2025-12-05 02:17:57'),(450,3,38,'2025-12-05 02:17:57'),(451,6,38,'2025-12-05 02:17:57'),(452,9,38,'2025-12-05 02:17:57'),(453,12,38,'2025-12-05 02:17:57'),(454,16,38,'2025-12-05 02:17:57'),(455,20,38,'2025-12-05 02:17:57'),(456,24,38,'2025-12-05 02:17:57'),(457,28,38,'2025-12-05 02:17:57'),(458,32,38,'2025-12-05 02:17:57'),(459,1,39,'2025-12-05 02:17:57'),(460,3,39,'2025-12-05 02:17:57'),(461,6,39,'2025-12-05 02:17:57'),(462,9,39,'2025-12-05 02:17:57'),(463,12,39,'2025-12-05 02:17:57'),(464,16,39,'2025-12-05 02:17:57'),(465,20,39,'2025-12-05 02:17:57'),(466,24,39,'2025-12-05 02:17:57'),(467,28,39,'2025-12-05 02:17:57'),(468,32,39,'2025-12-05 02:17:57'),(590,2,23,'2025-12-05 02:17:57'),(591,4,23,'2025-12-05 02:17:57'),(592,5,23,'2025-12-05 02:17:57'),(593,7,23,'2025-12-05 02:17:57'),(594,8,23,'2025-12-05 02:17:57'),(595,10,23,'2025-12-05 02:17:57'),(596,11,23,'2025-12-05 02:17:57'),(597,13,23,'2025-12-05 02:17:57'),(598,14,23,'2025-12-05 02:17:57'),(599,15,23,'2025-12-05 02:17:57'),(600,17,23,'2025-12-05 02:17:57'),(601,18,23,'2025-12-05 02:17:57'),(602,19,23,'2025-12-05 02:17:57'),(603,21,23,'2025-12-05 02:17:57'),(604,22,23,'2025-12-05 02:17:57'),(605,23,23,'2025-12-05 02:17:57'),(606,25,23,'2025-12-05 02:17:57'),(607,26,23,'2025-12-05 02:17:57'),(608,27,23,'2025-12-05 02:17:57'),(609,29,23,'2025-12-05 02:17:57'),(610,30,23,'2025-12-05 02:17:57'),(611,31,23,'2025-12-05 02:17:57'),(612,2,29,'2025-12-05 02:17:57'),(613,4,29,'2025-12-05 02:17:57'),(614,5,29,'2025-12-05 02:17:57'),(615,7,29,'2025-12-05 02:17:57'),(616,8,29,'2025-12-05 02:17:57'),(617,10,29,'2025-12-05 02:17:57'),(618,11,29,'2025-12-05 02:17:57'),(619,13,29,'2025-12-05 02:17:57'),(620,14,29,'2025-12-05 02:17:57'),(621,15,29,'2025-12-05 02:17:57'),(622,17,29,'2025-12-05 02:17:57'),(623,18,29,'2025-12-05 02:17:57'),(624,19,29,'2025-12-05 02:17:57'),(625,21,29,'2025-12-05 02:17:57'),(626,22,29,'2025-12-05 02:17:57'),(627,23,29,'2025-12-05 02:17:57'),(628,25,29,'2025-12-05 02:17:57'),(629,26,29,'2025-12-05 02:17:57'),(630,27,29,'2025-12-05 02:17:57'),(631,29,29,'2025-12-05 02:17:57'),(632,30,29,'2025-12-05 02:17:57'),(633,31,29,'2025-12-05 02:17:57'),(634,2,30,'2025-12-05 02:17:57'),(635,4,30,'2025-12-05 02:17:57'),(636,5,30,'2025-12-05 02:17:57'),(637,7,30,'2025-12-05 02:17:57'),(638,8,30,'2025-12-05 02:17:57'),(639,10,30,'2025-12-05 02:17:57'),(640,11,30,'2025-12-05 02:17:57'),(641,13,30,'2025-12-05 02:17:57'),(642,14,30,'2025-12-05 02:17:57'),(643,15,30,'2025-12-05 02:17:57'),(644,17,30,'2025-12-05 02:17:57'),(645,18,30,'2025-12-05 02:17:57'),(646,19,30,'2025-12-05 02:17:57'),(647,21,30,'2025-12-05 02:17:57'),(648,22,30,'2025-12-05 02:17:57'),(649,23,30,'2025-12-05 02:17:57'),(650,25,30,'2025-12-05 02:17:57'),(651,26,30,'2025-12-05 02:17:57'),(652,27,30,'2025-12-05 02:17:57'),(653,29,30,'2025-12-05 02:17:57'),(654,30,30,'2025-12-05 02:17:57'),(655,31,30,'2025-12-05 02:17:57'),(656,2,31,'2025-12-05 02:17:57'),(657,4,31,'2025-12-05 02:17:57'),(658,5,31,'2025-12-05 02:17:57'),(659,7,31,'2025-12-05 02:17:57'),(660,8,31,'2025-12-05 02:17:57'),(661,10,31,'2025-12-05 02:17:57'),(662,11,31,'2025-12-05 02:17:57'),(663,13,31,'2025-12-05 02:17:57'),(664,14,31,'2025-12-05 02:17:57'),(665,15,31,'2025-12-05 02:17:57'),(666,17,31,'2025-12-05 02:17:57'),(667,18,31,'2025-12-05 02:17:57'),(668,19,31,'2025-12-05 02:17:57'),(669,21,31,'2025-12-05 02:17:57'),(670,22,31,'2025-12-05 02:17:57'),(671,23,31,'2025-12-05 02:17:57'),(672,25,31,'2025-12-05 02:17:57'),(673,26,31,'2025-12-05 02:17:57'),(674,27,31,'2025-12-05 02:17:57'),(675,29,31,'2025-12-05 02:17:57'),(676,30,31,'2025-12-05 02:17:57'),(677,31,31,'2025-12-05 02:17:57'),(678,2,32,'2025-12-05 02:17:57'),(679,4,32,'2025-12-05 02:17:57'),(680,5,32,'2025-12-05 02:17:57'),(681,7,32,'2025-12-05 02:17:57'),(682,8,32,'2025-12-05 02:17:57'),(683,10,32,'2025-12-05 02:17:57'),(684,11,32,'2025-12-05 02:17:57'),(685,13,32,'2025-12-05 02:17:57'),(686,14,32,'2025-12-05 02:17:57'),(687,15,32,'2025-12-05 02:17:57'),(688,17,32,'2025-12-05 02:17:57'),(689,18,32,'2025-12-05 02:17:57'),(690,19,32,'2025-12-05 02:17:57'),(691,21,32,'2025-12-05 02:17:57'),(692,22,32,'2025-12-05 02:17:57'),(693,23,32,'2025-12-05 02:17:57'),(694,25,32,'2025-12-05 02:17:57'),(695,26,32,'2025-12-05 02:17:57'),(696,27,32,'2025-12-05 02:17:57'),(697,29,32,'2025-12-05 02:17:57'),(698,30,32,'2025-12-05 02:17:57'),(699,31,32,'2025-12-05 02:17:57'),(700,2,33,'2025-12-05 02:17:57'),(701,4,33,'2025-12-05 02:17:57'),(702,5,33,'2025-12-05 02:17:57'),(703,7,33,'2025-12-05 02:17:57'),(704,8,33,'2025-12-05 02:17:57'),(705,10,33,'2025-12-05 02:17:57'),(706,11,33,'2025-12-05 02:17:57'),(707,13,33,'2025-12-05 02:17:57'),(708,14,33,'2025-12-05 02:17:57'),(709,15,33,'2025-12-05 02:17:57'),(710,17,33,'2025-12-05 02:17:57'),(711,18,33,'2025-12-05 02:17:57'),(712,19,33,'2025-12-05 02:17:57'),(713,21,33,'2025-12-05 02:17:57'),(714,22,33,'2025-12-05 02:17:57'),(715,23,33,'2025-12-05 02:17:57'),(716,25,33,'2025-12-05 02:17:57'),(717,26,33,'2025-12-05 02:17:57'),(718,27,33,'2025-12-05 02:17:57'),(719,29,33,'2025-12-05 02:17:57'),(720,30,33,'2025-12-05 02:17:57'),(721,31,33,'2025-12-05 02:17:57'),(722,2,34,'2025-12-05 02:17:57'),(723,4,34,'2025-12-05 02:17:57'),(724,5,34,'2025-12-05 02:17:57'),(725,7,34,'2025-12-05 02:17:57'),(726,8,34,'2025-12-05 02:17:57'),(727,10,34,'2025-12-05 02:17:57'),(728,11,34,'2025-12-05 02:17:57'),(729,13,34,'2025-12-05 02:17:57'),(730,14,34,'2025-12-05 02:17:57'),(731,15,34,'2025-12-05 02:17:57'),(732,17,34,'2025-12-05 02:17:57'),(733,18,34,'2025-12-05 02:17:57'),(734,19,34,'2025-12-05 02:17:57'),(735,21,34,'2025-12-05 02:17:57'),(736,22,34,'2025-12-05 02:17:57'),(737,23,34,'2025-12-05 02:17:57'),(738,25,34,'2025-12-05 02:17:57'),(739,26,34,'2025-12-05 02:17:57'),(740,27,34,'2025-12-05 02:17:57'),(741,29,34,'2025-12-05 02:17:57'),(742,30,34,'2025-12-05 02:17:57'),(743,31,34,'2025-12-05 02:17:57'),(744,2,35,'2025-12-05 02:17:57'),(745,4,35,'2025-12-05 02:17:57'),(746,5,35,'2025-12-05 02:17:57'),(747,7,35,'2025-12-05 02:17:57'),(748,8,35,'2025-12-05 02:17:57'),(749,10,35,'2025-12-05 02:17:57'),(750,11,35,'2025-12-05 02:17:57'),(751,13,35,'2025-12-05 02:17:57'),(752,14,35,'2025-12-05 02:17:57'),(753,15,35,'2025-12-05 02:17:57'),(754,17,35,'2025-12-05 02:17:57'),(755,18,35,'2025-12-05 02:17:57'),(756,19,35,'2025-12-05 02:17:57'),(757,21,35,'2025-12-05 02:17:57'),(758,22,35,'2025-12-05 02:17:57'),(759,23,35,'2025-12-05 02:17:57'),(760,25,35,'2025-12-05 02:17:57'),(761,26,35,'2025-12-05 02:17:57'),(762,27,35,'2025-12-05 02:17:57'),(763,29,35,'2025-12-05 02:17:57'),(764,30,35,'2025-12-05 02:17:57'),(765,31,35,'2025-12-05 02:17:57'),(766,2,36,'2025-12-05 02:17:57'),(767,4,36,'2025-12-05 02:17:57'),(768,5,36,'2025-12-05 02:17:57'),(769,7,36,'2025-12-05 02:17:57'),(770,8,36,'2025-12-05 02:17:57'),(771,10,36,'2025-12-05 02:17:57'),(772,11,36,'2025-12-05 02:17:57'),(773,13,36,'2025-12-05 02:17:57'),(774,14,36,'2025-12-05 02:17:57'),(775,15,36,'2025-12-05 02:17:57'),(776,17,36,'2025-12-05 02:17:57'),(777,18,36,'2025-12-05 02:17:57'),(778,19,36,'2025-12-05 02:17:57'),(779,21,36,'2025-12-05 02:17:57'),(780,22,36,'2025-12-05 02:17:57'),(781,23,36,'2025-12-05 02:17:57'),(782,25,36,'2025-12-05 02:17:57'),(783,26,36,'2025-12-05 02:17:57'),(784,27,36,'2025-12-05 02:17:57'),(785,29,36,'2025-12-05 02:17:57'),(786,30,36,'2025-12-05 02:17:57'),(787,31,36,'2025-12-05 02:17:57'),(788,2,37,'2025-12-05 02:17:57'),(789,4,37,'2025-12-05 02:17:57'),(790,5,37,'2025-12-05 02:17:57'),(791,7,37,'2025-12-05 02:17:57'),(792,8,37,'2025-12-05 02:17:57'),(793,10,37,'2025-12-05 02:17:57'),(794,11,37,'2025-12-05 02:17:57'),(795,13,37,'2025-12-05 02:17:57'),(796,14,37,'2025-12-05 02:17:57'),(797,15,37,'2025-12-05 02:17:57'),(798,17,37,'2025-12-05 02:17:57'),(799,18,37,'2025-12-05 02:17:57'),(800,19,37,'2025-12-05 02:17:57'),(801,21,37,'2025-12-05 02:17:57'),(802,22,37,'2025-12-05 02:17:57'),(803,23,37,'2025-12-05 02:17:57'),(804,25,37,'2025-12-05 02:17:57'),(805,26,37,'2025-12-05 02:17:57'),(806,27,37,'2025-12-05 02:17:57'),(807,29,37,'2025-12-05 02:17:57'),(808,30,37,'2025-12-05 02:17:57'),(809,31,37,'2025-12-05 02:17:57'),(810,2,38,'2025-12-05 02:17:57'),(811,4,38,'2025-12-05 02:17:57'),(812,5,38,'2025-12-05 02:17:57'),(813,7,38,'2025-12-05 02:17:57'),(814,8,38,'2025-12-05 02:17:57'),(815,10,38,'2025-12-05 02:17:57'),(816,11,38,'2025-12-05 02:17:57'),(817,13,38,'2025-12-05 02:17:57'),(818,14,38,'2025-12-05 02:17:57'),(819,15,38,'2025-12-05 02:17:57'),(820,17,38,'2025-12-05 02:17:57'),(821,18,38,'2025-12-05 02:17:57'),(822,19,38,'2025-12-05 02:17:57'),(823,21,38,'2025-12-05 02:17:57'),(824,22,38,'2025-12-05 02:17:57'),(825,23,38,'2025-12-05 02:17:57'),(826,25,38,'2025-12-05 02:17:57'),(827,26,38,'2025-12-05 02:17:57'),(828,27,38,'2025-12-05 02:17:57'),(829,29,38,'2025-12-05 02:17:57'),(830,30,38,'2025-12-05 02:17:57'),(831,31,38,'2025-12-05 02:17:57'),(832,2,39,'2025-12-05 02:17:57'),(833,4,39,'2025-12-05 02:17:57'),(834,5,39,'2025-12-05 02:17:57'),(835,7,39,'2025-12-05 02:17:57'),(836,8,39,'2025-12-05 02:17:57'),(837,10,39,'2025-12-05 02:17:57'),(838,11,39,'2025-12-05 02:17:57'),(839,13,39,'2025-12-05 02:17:57'),(840,14,39,'2025-12-05 02:17:57'),(841,15,39,'2025-12-05 02:17:57'),(842,17,39,'2025-12-05 02:17:57'),(843,18,39,'2025-12-05 02:17:57'),(844,19,39,'2025-12-05 02:17:57'),(845,21,39,'2025-12-05 02:17:57'),(846,22,39,'2025-12-05 02:17:57'),(847,23,39,'2025-12-05 02:17:57'),(848,25,39,'2025-12-05 02:17:57'),(849,26,39,'2025-12-05 02:17:57'),(850,27,39,'2025-12-05 02:17:57'),(851,29,39,'2025-12-05 02:17:57'),(852,30,39,'2025-12-05 02:17:57'),(853,31,39,'2025-12-05 02:17:57');
/*!40000 ALTER TABLE `permisos_usuario` ENABLE KEYS */;
UNLOCK TABLES;

--
-- Table structure for table `productos`
--

DROP TABLE IF EXISTS `productos`;
/*!40101 SET @saved_cs_client     = @@character_set_client */;
/*!40101 SET character_set_client = utf8 */;
CREATE TABLE `productos` (
  `id` bigint(20) unsigned NOT NULL AUTO_INCREMENT,
  `codigo` varchar(255) NOT NULL,
  `nombre` varchar(255) NOT NULL,
  `compra` decimal(8,2) NOT NULL,
  `venta` decimal(8,2) NOT NULL,
  `fecha_vencimiento` date DEFAULT NULL,
  `iva` decimal(8,2) NOT NULL,
  `existencia` int(11) NOT NULL,
  `idMoneda` int(11) DEFAULT NULL,
  `nombre_moneda` varchar(100) DEFAULT NULL,
  `id_UnidadPeso` int(11) DEFAULT NULL,
  `estado` enum('activo','inactivo') NOT NULL DEFAULT 'activo',
  `nombre_UnidadPeso` varchar(100) DEFAULT NULL,
  `idProveedor` bigint(20) unsigned DEFAULT NULL,
  `nombre_proveedor` varchar(255) DEFAULT NULL,
  PRIMARY KEY (`id`),
  KEY `id_UnidadPeso` (`id_UnidadPeso`),
  KEY `idProveedor` (`idProveedor`),
  KEY `idMoneda` (`idMoneda`),
  CONSTRAINT `productos_ibfk_1` FOREIGN KEY (`id_UnidadPeso`) REFERENCES `unidadpeso` (`id`) ON UPDATE CASCADE,
  CONSTRAINT `productos_ibfk_2` FOREIGN KEY (`idProveedor`) REFERENCES `proveedores` (`id`) ON UPDATE CASCADE,
  CONSTRAINT `productos_ibfk_3` FOREIGN KEY (`idMoneda`) REFERENCES `moneda` (`id`) ON UPDATE CASCADE
) ENGINE=InnoDB AUTO_INCREMENT=31 DEFAULT CHARSET=utf8mb4 COLLATE=utf8mb4_unicode_ci;
/*!40101 SET character_set_client = @saved_cs_client */;

--
-- Dumping data for table `productos`
--

LOCK TABLES `productos` WRITE;
/*!40000 ALTER TABLE `productos` DISABLE KEYS */;
INSERT INTO `productos` VALUES (1,'P001','Flor de Caña 4 años 750ml',150.00,220.00,'2030-12-31',15.00,50,1,'Córdoba Oro',25,'activo','Botella',2,'María José Gutiérrez'),(2,'P002','Flor de Caña 7 años 750ml',220.00,320.00,'2031-06-30',15.00,35,1,'Córdoba Oro',25,'activo','Botella',2,'María José Gutiérrez'),(3,'P003','Flor de Caña 12 años 750ml',350.00,480.00,'2032-03-31',15.00,20,1,'Córdoba Oro',25,'activo','Botella',2,'María José Gutiérrez'),(4,'P004','Ron Plata 1 Litro',120.00,180.00,'2029-11-30',15.00,60,1,'Córdoba Oro',4,'activo','Litro',1,'Carlos Mena Rocha'),(5,'P005','Vodka Nacional 750ml',85.00,130.00,'2028-10-15',15.00,45,1,'Córdoba Oro',25,'activo','Botella',3,'Roberto Salazar Vásquez'),(6,'P006','Toña Lata 12oz Pack 6',60.00,90.00,'2025-08-01',15.00,100,1,'Córdoba Oro',23,'activo','Sixpack',7,'Sofía Patricia Mendoza'),(7,'P007','Victoria Lata 12oz Pack 6',65.00,95.00,'2025-07-15',15.00,80,1,'Córdoba Oro',23,'activo','Sixpack',8,'Miguel Ángel Herrera'),(8,'P008','Premium Lata 12oz Pack 6',70.00,105.00,'2025-09-30',15.00,70,1,'Córdoba Oro',23,'activo','Sixpack',9,'Patricia Isabel López'),(9,'P009','Toña Botella Retornable 620ml',25.00,40.00,'2025-06-20',15.00,150,1,'Córdoba Oro',25,'activo','Botella',7,'Sofía Patricia Mendoza'),(10,'P010','Victoria Botella Retornable 620ml',27.00,42.00,'2025-06-30',15.00,120,1,'Córdoba Oro',25,'activo','Botella',8,'Miguel Ángel Herrera'),(11,'P011','Johnnie Walker Red Label 750ml',450.00,650.00,'2030-05-20',15.00,15,2,'Dólar Estadounidense',25,'activo','Botella',12,'Ricardo Antonio Sandoval'),(12,'P012','Jack Daniels 750ml',500.00,720.00,'2031-02-28',15.00,12,2,'Dólar Estadounidense',25,'activo','Botella',11,'Andrea Carolina Mejía'),(13,'P013','Smirnoff Vodka 750ml',180.00,260.00,'2029-12-15',15.00,25,2,'Dólar Estadounidense',25,'activo','Botella',13,'Gabriela Fernanda Flores'),(14,'P014','Bacardi Superior 750ml',200.00,290.00,'2030-08-22',15.00,20,2,'Dólar Estadounidense',25,'activo','Botella',14,'Fernando José Rivas'),(15,'P015','Jose Cuervo Especial 750ml',350.00,500.00,'2030-10-12',15.00,18,2,'Dólar Estadounidense',25,'activo','Botella',15,'Laura Marcela González'),(16,'P016','Vino Tinto Gato Negro 750ml',120.00,180.00,'2026-04-05',15.00,40,1,'Córdoba Oro',25,'activo','Botella',16,'Carlos Alberto Juárez'),(17,'P017','Vino Blanco Casillero del Diablo 750ml',280.00,400.00,'2027-09-12',15.00,22,1,'Córdoba Oro',25,'activo','Botella',17,'Karla Susana Martínez'),(18,'P018','Vino Rosé Santa Rita 750ml',150.00,220.00,'2026-02-28',15.00,30,1,'Córdoba Oro',25,'activo','Botella',18,'Oscar Eduardo Solís'),(19,'P019','Champagne Freixenet 750ml',400.00,580.00,'2028-10-22',15.00,10,1,'Córdoba Oro',25,'activo','Botella',19,'Silvia Margarita Ruiz'),(20,'P020','Vino Espumante Andre 750ml',90.00,140.00,'2025-06-30',15.00,35,1,'Córdoba Oro',25,'activo','Botella',20,'Alberto Enrique Vargas'),(21,'P021','Coca-Cola 3 Litros',45.00,65.00,'2025-01-15',15.00,80,1,'Córdoba Oro',4,'activo','Litro',22,'Natalia de los Ángeles Peña'),(22,'P022','Sprite 2.5 Litros',40.00,60.00,'2025-02-05',15.00,75,1,'Córdoba Oro',4,'activo','Litro',21,'Raúl Antonio Díaz'),(23,'P023','Fanta Naranja 2 Litros',38.00,55.00,'2025-03-10',15.00,65,1,'Córdoba Oro',4,'activo','Litro',21,'Raúl Antonio Díaz'),(24,'P024','Tónica Schweppes 1 Litro',50.00,75.00,'2025-04-20',15.00,50,1,'Córdoba Oro',4,'activo','Litro',24,'Valeria Cristina Guzmán'),(25,'P025','Jugo de Naranja Tropicana 1 Litro',55.00,80.00,'2025-05-30',15.00,45,1,'Córdoba Oro',4,'activo','Litro',25,'Esteban Rafael Castro'),(26,'P026','Maní Salado Bolsa 200g',15.00,25.00,'2025-08-05',15.00,120,1,'Córdoba Oro',12,'activo','Gramo',26,'Jimena Isabel López'),(27,'P027','Papas Fritas Lays Bolsa 150g',18.00,30.00,'2025-09-15',15.00,100,1,'Córdoba Oro',12,'activo','Gramo',27,'Jorge Luis Mejía'),(28,'P028','Queso Seco Libra',60.00,90.00,'2025-07-10',15.00,40,1,'Córdoba Oro',15,'activo','Libra',28,'Diana Carolina Rojas'),(29,'P029','Chicharrones Libra',55.00,85.00,'2025-08-25',15.00,35,1,'Córdoba Oro',15,'activo','Libra',29,'Mario Ernesto Salgado'),(30,'P030','Tostadas Pack 10 unidades',20.00,35.00,'2025-06-18',15.00,60,1,'Córdoba Oro',19,'activo','Docena',30,'Ricardo José Mendoza');
/*!40000 ALTER TABLE `productos` ENABLE KEYS */;
UNLOCK TABLES;

--
-- Table structure for table `productos_ventas`
--

DROP TABLE IF EXISTS `productos_ventas`;
/*!40101 SET @saved_cs_client     = @@character_set_client */;
/*!40101 SET character_set_client = utf8 */;
CREATE TABLE `productos_ventas` (
  `id` bigint(20) unsigned NOT NULL AUTO_INCREMENT,
  `cantidad` int(11) NOT NULL,
  `precio` decimal(8,2) NOT NULL,
  `numeroFactura` varchar(20) DEFAULT NULL,
  `idProducto` bigint(20) unsigned NOT NULL,
  `idVenta` bigint(20) unsigned NOT NULL,
  PRIMARY KEY (`id`),
  KEY `idProducto` (`idProducto`),
  KEY `idVenta` (`idVenta`),
  CONSTRAINT `productos_ventas_ibfk_1` FOREIGN KEY (`idProducto`) REFERENCES `productos` (`id`) ON UPDATE CASCADE,
  CONSTRAINT `productos_ventas_ibfk_2` FOREIGN KEY (`idVenta`) REFERENCES `ventas` (`id`) ON DELETE CASCADE ON UPDATE CASCADE
) ENGINE=InnoDB DEFAULT CHARSET=utf8mb4 COLLATE=utf8mb4_unicode_ci;
/*!40101 SET character_set_client = @saved_cs_client */;

--
-- Dumping data for table `productos_ventas`
--

LOCK TABLES `productos_ventas` WRITE;
/*!40000 ALTER TABLE `productos_ventas` DISABLE KEYS */;
/*!40000 ALTER TABLE `productos_ventas` ENABLE KEYS */;
UNLOCK TABLES;

--
-- Table structure for table `proveedores`
--

DROP TABLE IF EXISTS `proveedores`;
/*!40101 SET @saved_cs_client     = @@character_set_client */;
/*!40101 SET character_set_client = utf8 */;
CREATE TABLE `proveedores` (
  `id` bigint(20) unsigned NOT NULL AUTO_INCREMENT,
  `nombre` varchar(255) NOT NULL,
  `cedula` varchar(50) DEFAULT NULL,
  `telefono` varchar(25) DEFAULT NULL,
  `correo` varchar(255) DEFAULT NULL,
  `direccion` varchar(255) DEFAULT NULL,
  `empresa` varchar(255) DEFAULT NULL,
  `estado` enum('activo','inactivo') DEFAULT 'activo',
  `fecha_registro` timestamp NOT NULL DEFAULT current_timestamp(),
  PRIMARY KEY (`id`)
) ENGINE=InnoDB AUTO_INCREMENT=31 DEFAULT CHARSET=utf8mb4 COLLATE=utf8mb4_unicode_ci;
/*!40101 SET character_set_client = @saved_cs_client */;

--
-- Dumping data for table `proveedores`
--

LOCK TABLES `proveedores` WRITE;
/*!40000 ALTER TABLE `proveedores` DISABLE KEYS */;
INSERT INTO `proveedores` VALUES (1,'Carlos Mena Rocha','001-150670-3001A','22781234','carlos.mena@distribuidoralicores.com','Km 6.5 Carretera Norte, Managua','Distribuidora Nacional de Licores S.A.','activo','2025-12-05 02:17:56'),(2,'María José Gutiérrez','001-220875-3002B','22782345','maria.gutierrez@flordecana.com','Comarca Las Banderas, Managua','Compañía Licorera de Nicaragua S.A.','activo','2025-12-05 02:17:56'),(3,'Roberto Salazar Vásquez','001-300575-3003C','22783456','roberto.salazar@bebidasnic.com','Residencial Las Colinas, Managua','Bebidas de Nicaragua S.A.','activo','2025-12-05 02:17:56'),(4,'Ana Lucía Ramírez','001-120880-3004D','22784567','ana.ramirez@distribuidoracentral.com','Barrio Martha Quezada, Managua','Distribuidora Central S.A.','activo','2025-12-05 02:17:56'),(5,'Luis Fernando Ríos','001-050490-3005E','22785678','luis.rios@licoresexpress.com','Reparto San Juan, Managua','Licores Express Nicaragua','activo','2025-12-05 02:17:56'),(6,'Francisco Javier Torres','001-180195-3006F','22786789','francisco.torres@cervcenic.com','Km 7 Carretera a Masaya, Managua','Cervecería Centroamericana S.A.','activo','2025-12-05 02:17:56'),(7,'Sofía Patricia Mendoza','001-250890-3007G','22787890','sofia.mendoza@toñadistribuidora.com','Las Colinas, Managua','Distribuidora Toña S.A.','activo','2025-12-05 02:17:56'),(8,'Miguel Ángel Herrera','001-090995-3008H','22788901','miguel.herrera@victoriadistribucion.com','Camino de Oriente, Managua','Distribución Victoria S.A.','activo','2025-12-05 02:17:56'),(9,'Patricia Isabel López','001-170790-3009I','22789012','patricia.lopez@premiumbeerdist.com','Residencial Los Robles, Managua','Premium Beer Distributors','activo','2025-12-05 02:17:56'),(10,'Diego Andrés Castro','001-220295-3010J','22780123','diego.castro@cervecerianacional.com','Planes de Altamira, Managua','Cervecería Nacional de Nicaragua','activo','2025-12-05 02:17:56'),(11,'Andrea Carolina Mejía','001-150495-3011K','22781234','andrea.mejia@importadoralider.com','Barrio San Judas, Managua','Importadora Líder S.A.','activo','2025-12-05 02:17:56'),(12,'Ricardo Antonio Sandoval','001-280890-3012L','22782345','ricardo.sandoval@whiskyimports.com','Residencial Las Colinas, Managua','Whisky Imports Nicaragua','activo','2025-12-05 02:17:56'),(13,'Gabriela Fernanda Flores','001-120395-3013M','22783456','gabriela.flores@vodkamundo.com','Barrio Larreynaga, Managua','Vodka Mundo Import S.A.','activo','2025-12-05 02:17:56'),(14,'Fernando José Rivas','001-050795-3014N','22784567','fernando.rivas@ronimportador.com','Camino de Oriente, Managua','Ron Importador S.A.','activo','2025-12-05 02:17:56'),(15,'Laura Marcela González','001-190298-3015O','22785678','laura.gonzalez@tequilamasters.com','Residencial Bolonia, Managua','Tequila Masters Nicaragua','activo','2025-12-05 02:17:56'),(16,'Carlos Alberto Juárez','001-240895-3016P','22786789','carlos.juarez@vinosdelmundo.com','Barrio Martha Quezada, Managua','Vinos del Mundo S.A.','activo','2025-12-05 02:17:56'),(17,'Karla Susana Martínez','001-080195-3017Q','22787890','karla.martinez@importadoradevinos.com','Reparto San Juan, Managua','Importadora de Vinos Selectos','activo','2025-12-05 02:17:56'),(18,'Oscar Eduardo Solís','001-130695-3018R','22788901','oscar.solis@champagnenic.com','Las Colinas, Managua','Champagne Nicaragua Import','activo','2025-12-05 02:17:56'),(19,'Silvia Margarita Ruiz','001-170498-3019S','22789012','silvia.ruiz@vinosdepremium.com','Barrio Cuba, Managua','Vinos de Premium S.A.','activo','2025-12-05 02:17:56'),(20,'Alberto Enrique Vargas','001-300798-3020T','22780123','alberto.vargas@espumantesnic.com','Residencial Las Praderas, León','Espumantes de Nicaragua','activo','2025-12-05 02:17:56'),(21,'Raúl Antonio Díaz','001-140995-3021U','22781234','raul.diaz@refrescosdist.com','Camino de Oriente, Managua','Distribuidora de Refrescos S.A.','activo','2025-12-05 02:17:56'),(22,'Natalia de los Ángeles Peña','001-050895-3022V','22782345','natalia.pena@cocacoladist.com','Barrio Monseñor Lezcano, Managua','Embotelladora de Nicaragua S.A.','activo','2025-12-05 02:17:56'),(23,'Cristian Daniel Romero','001-190998-3023W','22783456','cristian.romero@pepsidistribucion.com','Residencial Los Robles, Managua','Pepsi Distribución Nicaragua','activo','2025-12-05 02:17:56'),(24,'Valeria Cristina Guzmán','001-240295-3024X','22784567','valeria.guzman@schweppesnic.com','Planes de Altamira, Managua','Schweppes de Nicaragua','activo','2025-12-05 02:17:56'),(25,'Esteban Rafael Castro','001-100395-3025Y','22785678','esteban.castro@jugosnaturales.com','Barrio San Judas, Managua','Jugos Naturales Distribución','activo','2025-12-05 02:17:56'),(26,'Jimena Isabel López','001-170895-3026Z','22786789','jimena.lopez@snacksdistribuidora.com','Residencial Las Colinas, Managua','Distribuidora de Snacks S.A.','activo','2025-12-05 02:17:56'),(27,'Jorge Luis Mejía','001-220498-3027AA','22787890','jorge.mejia@papaslaysdist.com','Barrio Larreynaga, Managua','Papas Lays Distribución','activo','2025-12-05 02:17:56'),(28,'Diana Carolina Rojas','001-120195-3028AB','22788901','diana.rojas@quesosproveedor.com','Camino de Oriente, Managua','Proveedor de Quesos Selectos','activo','2025-12-05 02:17:56'),(29,'Mario Ernesto Salgado','001-270698-3029AC','22789012','mario.salgado@chicharronesdist.com','Residencial Bolonia, Managua','Distribuidora de Chicharrones','activo','2025-12-05 02:17:56'),(30,'Ricardo José Mendoza','001-200795-3030AD','22780123','ricardo.mendoza@tostadasproveedor.com','Barrio Martha Quezada, Managua','Proveedor de Tostadas y Botanas','activo','2025-12-05 02:17:56');
/*!40000 ALTER TABLE `proveedores` ENABLE KEYS */;
UNLOCK TABLES;

--
-- Table structure for table `tipopago`
--

DROP TABLE IF EXISTS `tipopago`;
/*!40101 SET @saved_cs_client     = @@character_set_client */;
/*!40101 SET character_set_client = utf8 */;
CREATE TABLE `tipopago` (
  `id` int(11) NOT NULL AUTO_INCREMENT,
  `nombre` varchar(100) NOT NULL,
  `descripcion` text DEFAULT NULL,
  `estado` varchar(100) NOT NULL,
  `fecha_creacion` timestamp NOT NULL DEFAULT current_timestamp(),
  PRIMARY KEY (`id`)
) ENGINE=InnoDB AUTO_INCREMENT=19 DEFAULT CHARSET=utf8mb4 COLLATE=utf8mb4_unicode_ci;
/*!40101 SET character_set_client = @saved_cs_client */;

--
-- Dumping data for table `tipopago`
--

LOCK TABLES `tipopago` WRITE;
/*!40000 ALTER TABLE `tipopago` DISABLE KEYS */;
INSERT INTO `tipopago` VALUES (1,'Efectivo','Pago en moneda local (Córdobas)','Activo','2025-12-05 02:17:56'),(2,'Tarjeta de Débito','Pago con tarjeta de débito local','Activo','2025-12-05 02:17:56'),(3,'Tarjeta de Crédito','Pago con tarjeta de crédito nacional/internacional','Activo','2025-12-05 02:17:56'),(4,'Transferencia BAC','Transferencia bancaria por BAC','Activo','2025-12-05 02:17:56'),(5,'Transferencia Banpro','Transferencia bancaria por Banpro','Activo','2025-12-05 02:17:56'),(6,'Transferencia Lafise','Transferencia bancaria por Lafise','Activo','2025-12-05 02:17:56'),(7,'Pago Móvil (ENLACE)','Pago mediante banca móvil ENLACE','Activo','2025-12-05 02:17:56'),(8,'Cheque','Pago con cheque certificado','Activo','2025-12-05 02:17:56'),(9,'Crédito Comercial','Crédito a clientes corporativos (30 días)','Activo','2025-12-05 02:17:56'),(10,'Pago con SINPE','Transferencia inmediata SINPE móvil','Activo','2025-12-05 02:17:56'),(11,'PayPal','Pago internacional vía PayPal','Activo','2025-12-05 02:17:56'),(12,'Bitcoin','Pago con criptomoneda Bitcoin','Activo','2025-12-05 02:17:56'),(13,'Zelle','Transferencia Zelle para clientes en USA','Activo','2025-12-05 02:17:56'),(14,'Western Union','Pago mediante giro internacional','Activo','2025-12-05 02:17:56'),(15,'Vales de Consumo','Vales corporativos de empresas','Activo','2025-12-05 02:17:56'),(16,'Puntos de Fidelidad','Redención de puntos de programa de fidelidad','Activo','2025-12-05 02:17:56'),(17,'Mixto (Efectivo/Tarjeta)','Pago combinado en efectivo y tarjeta','Activo','2025-12-05 02:17:56'),(18,'Apartado','Señal para apartar productos especiales','Activo','2025-12-05 02:17:56');
/*!40000 ALTER TABLE `tipopago` ENABLE KEYS */;
UNLOCK TABLES;

--
-- Table structure for table `unidadpeso`
--

DROP TABLE IF EXISTS `unidadpeso`;
/*!40101 SET @saved_cs_client     = @@character_set_client */;
/*!40101 SET character_set_client = utf8 */;
CREATE TABLE `unidadpeso` (
  `id` int(11) NOT NULL AUTO_INCREMENT,
  `nombre` varchar(50) NOT NULL,
  `simbolo` varchar(10) NOT NULL,
  `estado` enum('activo','inactivo') DEFAULT 'activo',
  `fecha_creacion` timestamp NOT NULL DEFAULT current_timestamp(),
  PRIMARY KEY (`id`)
) ENGINE=InnoDB AUTO_INCREMENT=31 DEFAULT CHARSET=utf8mb4 COLLATE=utf8mb4_unicode_ci;
/*!40101 SET character_set_client = @saved_cs_client */;

--
-- Dumping data for table `unidadpeso`
--

LOCK TABLES `unidadpeso` WRITE;
/*!40000 ALTER TABLE `unidadpeso` DISABLE KEYS */;
INSERT INTO `unidadpeso` VALUES (1,'Mililitro','ml','activo','2025-12-05 02:17:55'),(2,'Centilitro','cl','activo','2025-12-05 02:17:55'),(3,'Decilitro','dl','activo','2025-12-05 02:17:55'),(4,'Litro','L','activo','2025-12-05 02:17:55'),(5,'Onza líquida','fl oz','activo','2025-12-05 02:17:55'),(6,'Galón','gal','activo','2025-12-05 02:17:55'),(7,'Pulgada cúbica','in³','activo','2025-12-05 02:17:55'),(8,'Pinta','pt','activo','2025-12-05 02:17:55'),(9,'Cuarto','qt','activo','2025-12-05 02:17:55'),(10,'Barril','bbl','activo','2025-12-05 02:17:55'),(11,'Miligramo','mg','activo','2025-12-05 02:17:55'),(12,'Gramo','g','activo','2025-12-05 02:17:55'),(13,'Kilogramo','kg','activo','2025-12-05 02:17:55'),(14,'Onza','oz','activo','2025-12-05 02:17:55'),(15,'Libra','lb','activo','2025-12-05 02:17:55'),(16,'Quintal','qq','activo','2025-12-05 02:17:55'),(17,'Tonelada','t','activo','2025-12-05 02:17:55'),(18,'Arroba','@','activo','2025-12-05 02:17:55'),(19,'Docena','dz','activo','2025-12-05 02:17:55'),(20,'Unidad','u','activo','2025-12-05 02:17:55'),(21,'Caja','caja','activo','2025-12-05 02:17:55'),(22,'Pack','pack','activo','2025-12-05 02:17:55'),(23,'Sixpack','6pk','activo','2025-12-05 02:17:55'),(24,'Cartón','cartón','activo','2025-12-05 02:17:55'),(25,'Botella','bot','activo','2025-12-05 02:17:55'),(26,'Fardo','fardo','activo','2025-12-05 02:17:55'),(27,'Estuche','est','activo','2025-12-05 02:17:55'),(28,'Garrafa','gar','activo','2025-12-05 02:17:55'),(29,'Cubeta','cub','activo','2025-12-05 02:17:55'),(30,'Sobre','sob','activo','2025-12-05 02:17:55');
/*!40000 ALTER TABLE `unidadpeso` ENABLE KEYS */;
UNLOCK TABLES;

--
-- Table structure for table `usuarios`
--

DROP TABLE IF EXISTS `usuarios`;
/*!40101 SET @saved_cs_client     = @@character_set_client */;
/*!40101 SET character_set_client = utf8 */;
CREATE TABLE `usuarios` (
  `id` bigint(20) unsigned NOT NULL AUTO_INCREMENT,
  `usuario` varchar(50) NOT NULL,
  `nombre` varchar(255) NOT NULL,
  `cedula` varchar(50) NOT NULL,
  `telefono` varchar(25) NOT NULL,
  `direccion` varchar(255) NOT NULL,
  `rol` varchar(50) NOT NULL DEFAULT 'VENTAS',
  `email` varchar(255) NOT NULL,
  `password` varchar(255) NOT NULL,
  `foto_perfil` varchar(255) DEFAULT NULL,
  PRIMARY KEY (`id`)
) ENGINE=InnoDB AUTO_INCREMENT=33 DEFAULT CHARSET=utf8mb4 COLLATE=utf8mb4_unicode_ci;
/*!40101 SET character_set_client = @saved_cs_client */;

--
-- Dumping data for table `usuarios`
--

LOCK TABLES `usuarios` WRITE;
/*!40000 ALTER TABLE `usuarios` DISABLE KEYS */;
INSERT INTO `usuarios` VALUES (1,'Moises','Aaron Moises Carrasco Thomas','081-03030301-1009B','+50588090180','Chinandega, Chinandega, NI','ADMINISTRADOR','maaroncarrasco@gmail.com','$2y$10$T5D81rjO/yQWY3vP0isjquwxMr4gnGRFloeCFRz72U97OV9Zb0i1q',NULL),(2,'ventas1','Usuario Ventas Inicial','001-000000-0000V','88090000','Nowhere','VENTAS','ventas1@example.com','$2y$10$T5D81rjO/yQWY3vP0isjquwxMr4gnGRFloeCFRz72U97OV9Zb0i1q',NULL),(3,'admin_licor','Carlos Mendoza Rojas','001-280785-1001A','88551234','Residencial Bolonia, Managua','ADMINISTRADOR','carlos.mendoza@licorerianica.com','$2y$10$T5D81rjO/yQWY3vP0isjquwxMr4gnGRFloeCFRz72U97OV9Zb0i1q',NULL),(4,'ventas1','Ana Lucía González','001-150992-1002B','87765432','Barrio Martha Quezada, Managua','VENTAS','ana.gonzalez@licorerianica.com','$2y$10$T5D81rjO/yQWY3vP0isjquwxMr4gnGRFloeCFRz72U97OV9Zb0i1q',NULL),(5,'jperez','José Pérez Martínez','001-200887-1003C','88812345','Reparto San Juan, Managua','VENTAS','jose.perez@licorerianica.com','$2y$10$T5D81rjO/yQWY3vP0isjquwxMr4gnGRFloeCFRz72U97OV9Zb0i1q',NULL),(6,'mrodriguez','María Rodríguez Silva','001-100195-1004D','88998765','Las Colinas, Managua','ADMINISTRADOR','maria.rodriguez@licorerianica.com','$2y$10$T5D81rjO/yQWY3vP0isjquwxMr4gnGRFloeCFRz72U97OV9Zb0i1q',NULL),(7,'ventas2','Luis Alberto Chávez','001-050490-1005E','87651234','Barrio Cuba, Managua','VENTAS','luis.chavez@licorerianica.com','$2y$10$T5D81rjO/yQWY3vP0isjquwxMr4gnGRFloeCFRz72U97OV9Zb0i1q',NULL),(8,'cgarcia','Carmen García López','001-120880-1006F','88554321','Residencial Las Praderas, León','VENTAS','carmen.garcia@licorerianica.com','$2y$10$T5D81rjO/yQWY3vP0isjquwxMr4gnGRFloeCFRz72U97OV9Zb0i1q',NULL),(9,'admin_inv','Roberto Jiménez Paz','001-300475-1007G','87771234','Camino de Oriente, Managua','ADMINISTRADOR','roberto.jimenez@licorerianica.com','$2y$10$T5D81rjO/yQWY3vP0isjquwxMr4gnGRFloeCFRz72U97OV9Zb0i1q',NULL),(10,'ventas3','Sofía Hernández Ruiz','001-180993-1008H','88887654','Barrio Monseñor Lezcano, Managua','VENTAS','sofia.hernandez@licorerianica.com','$2y$10$T5D81rjO/yQWY3vP0isjquwxMr4gnGRFloeCFRz72U97OV9Zb0i1q',NULL),(11,'jmorales','Javier Morales Castro','001-220785-1009I','88991234','Residencial Los Robles, Managua','VENTAS','javier.morales@licorerianica.com','$2y$10$T5D81rjO/yQWY3vP0isjquwxMr4gnGRFloeCFRz72U97OV9Zb0i1q',NULL),(12,'admin_ger','Patricia Vargas Salinas','001-080270-1010J','87659876','Planes de Altamira, Managua','ADMINISTRADOR','patricia.vargas@licorerianica.com','$2y$10$T5D81rjO/yQWY3vP0isjquwxMr4gnGRFloeCFRz72U97OV9Zb0i1q',NULL),(13,'ventas4','Diego Ramírez Mejía','001-250895-1011K','88556789','Barrio San Judas, Managua','VENTAS','diego.ramirez@licorerianica.com','$2y$10$T5D81rjO/yQWY3vP0isjquwxMr4gnGRFloeCFRz72U97OV9Zb0i1q',NULL),(14,'atorres','Andrea Torres Rivas','001-140987-1012L','87775678','Residencial Las Colinas, Managua','VENTAS','andrea.torres@licorerianica.com','$2y$10$T5D81rjO/yQWY3vP0isjquwxMr4gnGRFloeCFRz72U97OV9Zb0i1q',NULL),(15,'ventas5','Miguel Ángel Sandoval','001-300392-1013M','88889012','Barrio Larreynaga, Managua','VENTAS','miguel.sandoval@licorerianica.com','$2y$10$T5D81rjO/yQWY3vP0isjquwxMr4gnGRFloeCFRz72U97OV9Zb0i1q',NULL),(16,'admin_sis','Gabriela Flores Ortega','001-120775-1014N','88993456','Camino de Oriente, Managua','ADMINISTRADOR','gabriela.flores@licorerianica.com','$2y$10$T5D81rjO/yQWY3vP0isjquwxMr4gnGRFloeCFRz72U97OV9Zb0i1q',NULL),(17,'ventas6','Fernando Castro Díaz','001-180198-1015O','87652345','Residencial Bolonia, Managua','VENTAS','fernando.castro@licorerianica.com','$2y$10$T5D81rjO/yQWY3vP0isjquwxMr4gnGRFloeCFRz72U97OV9Zb0i1q',NULL),(18,'lgonzalez','Laura González Mendoza','001-220890-1016P','88557890','Barrio Martha Quezada, Managua','VENTAS','laura.gonzalez@licorerianica.com','$2y$10$T5D81rjO/yQWY3vP0isjquwxMr4gnGRFloeCFRz72U97OV9Zb0i1q',NULL),(19,'ventas7','Ricardo Juárez López','001-050195-1017Q','87776789','Reparto San Juan, Managua','VENTAS','ricardo.juarez@licorerianica.com','$2y$10$T5D81rjO/yQWY3vP0isjquwxMr4gnGRFloeCFRz72U97OV9Zb0i1q',NULL),(20,'admin_fin','Karla Martínez Rivera','001-100680-1018R','88880123','Las Colinas, Managua','ADMINISTRADOR','karla.martinez@licorerianica.com','$2y$10$T5D81rjO/yQWY3vP0isjquwxMr4gnGRFloeCFRz72U97OV9Zb0i1q',NULL),(21,'ventas8','Oscar Herrera Salgado','001-150493-1019S','88994567','Barrio Cuba, Managua','VENTAS','oscar.herrera@licorerianica.com','$2y$10$T5D81rjO/yQWY3vP0isjquwxMr4gnGRFloeCFRz72U97OV9Zb0i1q',NULL),(22,'sruiz','Silvia Ruiz Vargas','001-280788-1020T','87653456','Residencial Las Praderas, León','VENTAS','silvia.ruiz@licorerianica.com','$2y$10$T5D81rjO/yQWY3vP0isjquwxMr4gnGRFloeCFRz72U97OV9Zb0i1q',NULL),(23,'ventas9','Alberto Méndez Cruz','001-120991-1021U','88558901','Camino de Oriente, Managua','VENTAS','alberto.mendez@licorerianica.com','$2y$10$T5D81rjO/yQWY3vP0isjquwxMr4gnGRFloeCFRz72U97OV9Zb0i1q',NULL),(24,'admin_ope','Raúl Solís Rocha','001-030785-1022V','87777890','Barrio Monseñor Lezcano, Managua','ADMINISTRADOR','raul.solis@licorerianica.com','$2y$10$T5D81rjO/yQWY3vP0isjquwxMr4gnGRFloeCFRz72U97OV9Zb0i1q',NULL),(25,'ventas10','Natalia Peña Gutiérrez','001-170894-1023W','88881234','Residencial Los Robles, Managua','VENTAS','natalia.pena@licorerianica.com','$2y$10$T5D81rjO/yQWY3vP0isjquwxMr4gnGRFloeCFRz72U97OV9Zb0i1q',NULL),(26,'cdiaz','Cristian Díaz Mora','001-220195-1024X','88995678','Planes de Altamira, Managua','VENTAS','cristian.diaz@licorerianica.com','$2y$10$T5D81rjO/yQWY3vP0isjquwxMr4gnGRFloeCFRz72U97OV9Zb0i1q',NULL),(27,'ventas11','Valeria Romero Sánchez','001-080392-1025Y','87654567','Barrio San Judas, Managua','VENTAS','valeria.romero@licorerianica.com','$2y$10$T5D81rjO/yQWY3vP0isjquwxMr4gnGRFloeCFRz72U97OV9Zb0i1q',NULL),(28,'admin_com','Esteban Guzmán Torres','001-150785-1026Z','88559012','Residencial Las Colinas, Managua','ADMINISTRADOR','esteban.guzman@licorerianica.com','$2y$10$T5D81rjO/yQWY3vP0isjquwxMr4gnGRFloeCFRz72U97OV9Zb0i1q',NULL),(29,'ventas12','Jimena Castro Rivas','001-200993-1027AA','87778901','Barrio Larreynaga, Managua','VENTAS','jimena.castro@licorerianica.com','$2y$10$T5D81rjO/yQWY3vP0isjquwxMr4gnGRFloeCFRz72U97OV9Zb0i1q',NULL),(30,'jlopez','Jorge López Salinas','001-100490-1028AB','88882345','Camino de Oriente, Managua','VENTAS','jorge.lopez@licorerianica.com','$2y$10$T5D81rjO/yQWY3vP0isjquwxMr4gnGRFloeCFRz72U97OV9Zb0i1q',NULL),(31,'ventas13','Diana Mejía Flores','001-250191-1029AC','88996789','Residencial Bolonia, Managua','VENTAS','diana.mejia@licorerianica.com','$2y$10$T5D81rjO/yQWY3vP0isjquwxMr4gnGRFloeCFRz72U97OV9Zb0i1q',NULL),(32,'admin_sup','Mario Rojas Chávez','001-180685-1030AD','87655678','Barrio Martha Quezada, Managua','ADMINISTRADOR','mario.rojas@licorerianica.com','$2y$10$T5D81rjO/yQWY3vP0isjquwxMr4gnGRFloeCFRz72U97OV9Zb0i1q',NULL);
/*!40000 ALTER TABLE `usuarios` ENABLE KEYS */;
UNLOCK TABLES;

--
-- Table structure for table `ventas`
--

DROP TABLE IF EXISTS `ventas`;
/*!40101 SET @saved_cs_client     = @@character_set_client */;
/*!40101 SET character_set_client = utf8 */;
CREATE TABLE `ventas` (
  `id` bigint(20) unsigned NOT NULL AUTO_INCREMENT,
  `fecha` datetime DEFAULT current_timestamp(),
  `total` decimal(9,2) NOT NULL,
  `descuento` decimal(5,2) NOT NULL DEFAULT 0.00,
  `monto_devuelto` decimal(5,2) NOT NULL DEFAULT 0.00,
  `monto_pagado_cliente` decimal(5,2) NOT NULL DEFAULT 0.00,
  `numeroFactura` varchar(20) NOT NULL,
  `idUsuario` bigint(20) unsigned NOT NULL,
  `idCliente` bigint(20) unsigned DEFAULT NULL,
  `id_empresa` int(11) NOT NULL,
  `id_tipoPago` int(11) NOT NULL,
  PRIMARY KEY (`id`),
  KEY `idUsuario` (`idUsuario`),
  KEY `idCliente` (`idCliente`),
  KEY `id_empresa` (`id_empresa`),
  KEY `id_tipoPago` (`id_tipoPago`),
  CONSTRAINT `ventas_ibfk_1` FOREIGN KEY (`idUsuario`) REFERENCES `usuarios` (`id`) ON UPDATE CASCADE,
  CONSTRAINT `ventas_ibfk_2` FOREIGN KEY (`idCliente`) REFERENCES `clientes` (`id`) ON DELETE SET NULL ON UPDATE CASCADE,
  CONSTRAINT `ventas_ibfk_3` FOREIGN KEY (`id_empresa`) REFERENCES `empresa` (`id`) ON UPDATE CASCADE,
  CONSTRAINT `ventas_ibfk_4` FOREIGN KEY (`id_tipoPago`) REFERENCES `tipopago` (`id`) ON UPDATE CASCADE
) ENGINE=InnoDB DEFAULT CHARSET=utf8mb4 COLLATE=utf8mb4_unicode_ci;
/*!40101 SET character_set_client = @saved_cs_client */;

--
-- Dumping data for table `ventas`
--

LOCK TABLES `ventas` WRITE;
/*!40000 ALTER TABLE `ventas` DISABLE KEYS */;
/*!40000 ALTER TABLE `ventas` ENABLE KEYS */;
UNLOCK TABLES;
/*!40103 SET TIME_ZONE=@OLD_TIME_ZONE */;

/*!40101 SET SQL_MODE=@OLD_SQL_MODE */;
/*!40014 SET FOREIGN_KEY_CHECKS=@OLD_FOREIGN_KEY_CHECKS */;
/*!40014 SET UNIQUE_CHECKS=@OLD_UNIQUE_CHECKS */;
/*!40101 SET CHARACTER_SET_CLIENT=@OLD_CHARACTER_SET_CLIENT */;
/*!40101 SET CHARACTER_SET_RESULTS=@OLD_CHARACTER_SET_RESULTS */;
/*!40101 SET COLLATION_CONNECTION=@OLD_COLLATION_CONNECTION */;
/*!40111 SET SQL_NOTES=@OLD_SQL_NOTES */;

-- Dump completed on 2025-12-04 20:33:07
